Stage 1,P2
Stage 1,P3
Stage 1,P4
Stage 1,P5
Stage 1,P6
Stage 1,P7
Stage 1,P8
Stage 1,P9
Stage 1,P10
Stage 1,P11
Stage 1,P12
Stage 1,P13
Stage 1,P14
Stage 1,P15
Stage 1,P16
Stage 1,P17
Stage 1,P18
Stage 1,P19
Stage 1,P20
Stage 1,P21
Stage 1,P22
Stage 1,P23
Stage 1,P24
Stage 1,P25
Stage 1,P26
Stage 1,P27
Stage 1,P28
Stage 1,P29
Stage 1,P30
Stage 1,P31
Stage 1,P32
Stage 1,P33
Stage 1,P34
Stage 1,P35
Stage 1,P36
Stage 1,P37
Stage 1,P38
Stage 1,P39
Stage 1,P40
Stage 1,P41
Stage 1,P42
Stage 1,P43
Stage 1,P44
Stage 1,P45
Stage 1,P46
Stage 1,P47
Stage 1,P48
Stage 1,P49
Stage 1,P50
Stage 1,P51
Stage 1,P52
Stage 1,P53
Stage 1,P54
Stage 1,P55
Stage 1,P56
Stage 1,P57
Stage 1,P58
Stage 1,P59
Stage 1,P60
Stage 1,P61
Stage 1,P62
Stage 1,P63
Stage 1,P64
Stage 1,P65
Stage 1,P66
Stage 1,P67
Stage 1,P68
Stage 1,P69
Stage 1,P70
Stage 1,P71
Stage 1,P72
Stage 1,P73
Stage 1,P74
Stage 1,P75
Stage 1,P76
Stage 1,P77
Stage 1,P78
Stage 1,P79
Stage 1,P80
Stage 1,P81
Stage 1,P82
Stage 1,P83
Stage 1,P84
Stage 1,P85
Stage 1,P86
Stage 1,P87
Stage 1,P88
Stage 1,P89
Stage 1,P90
Stage 1,P91
Stage 1,P92
Stage 1,P93
Stage 1,P94
Stage 1,P95
Stage 1,P96
Stage 1,P97
Stage 1,P98
Stage 1,P99
Stage 1,P100
Stage 1,P101
Stage 1,P102
Stage 1,P103
Stage 1,P104
Stage 1,P105
Stage 1,P106
Stage 1,P107
Stage 1,P108
